,Chunk Size,Overlap,Embedding Model,Query,Vector DB,Query Time (s),Memory Used,LLM Model,LLM Response
0,200,0,nomic-embed-text,What is redis?,chroma,144.315331697464,259818,llama2,"role='assistant' content=""Redis is an in-memory data store that can be used as a database, cache, or message broker. It is designed to handle a very high number of operations per second, making it suitable for high-traffic web applications. Redis supports various data structures such as strings, hashes, lists, sets, and maps.\n\nRedis-py is a Python client for Redis that provides a simple and efficient way to interact with Redis from your Python code. It is maintained by the Redis company and is available on GitHub. To install Redis-py in your 4300 Conda environment, you can use the `pip` command:\n```\npip install redis\n```\nOnce installed, you can create a Redis client instance using the `redis.Redis()` class, passing in various options such as the host, port, database, and decode_responses parameter. For example:\n```\nt = redis.Redis(host='localhost', port=6379, db=2, decode_responses=True)\n```\nThis creates a Redis client instance connected to the `localhost` on port `6379 in database `2`. The `decode_responses` parameter is set to `True`, which means that Redis responses will be decoded to their original value.\n\nRedis provides several command types, including:\n\n* `New`: Creates a new Redis instance.\n* `Data Source`: Specifies the data source for the Redis client.\n* `Redis`: The main command for interacting with the Redis database.\n\nTo test the connection, you can use the `test_connection()` method of the `t` object:\n```\nt.test_connection()\n```\nThis will run a simple test to ensure that the connection to Redis is working properly.\n\nRedis databases are numbered from 0 to 15, and each database can have its own set of keys and values. The default database is `0`, which means that any keys you create will be stored in this database by default. You can specify a different database when creating the Redis client instance using the `db` parameter. For example:\n```\nt = redis.Redis(host='localhost', port=6379, db=16)\n```\nThis creates a Redis client instance connected to `localhost` on port `6379 in database `16`.\n\nRedis provides several interaction modes, including:\n\n* **Transactions**: Allows you to perform multiple operations on Redis in a single transaction.\n* **Pub/Sub**: Allows you to communicate with Redis as a publisher or subscriber in a message broker-style system.\n* **Scripting**: Allows you to define scripts in Redis that can be executed at runtime.\n\nOverall, Redis-py is a convenient and efficient way to interact with Redis from your Python code, providing a simple and intuitive API for working with the popular NoSQL database."" images=None tool_calls=None"
0,200,0,nomic-embed-text,What is an AVL tree?,chroma,70.44157934188843,291155,llama2,"role='assistant' content='An AVL tree is a type of self-balancing binary search tree that ensures efficient search, insertion, and deletion operations. It is designed to maintain a balance between the height of the tree and the number of nodes in each subtree, which helps to minimize the depth of the tree and improve query performance.\n\nThe key features of an AVL tree are:\n\n1. Balancing: The tree is designed to keep the height of the tree relatively small, even after many insertions and deletions. This is achieved by rotating nodes when the balance factor becomes too high.\n2. Self-balancing: The tree automatically adjusts its height and branching factor to maintain a balance between the number of nodes in each subtree.\n3. Search efficiency: The tree supports efficient search operations, with an average time complexity of O(log n), where n is the number of nodes in the tree.\n4. Insertion and deletion efficiency: The tree supports efficient insertion and deletion operations, with a time complexity of O(log n) for each operation.\n\nAn AVL tree is defined by the following properties:\n\n1. Each node has a maximum of two children (a left child and a right child).\n2. The height of the tree is no more than 3 times the height of the root node.\n3. For every node, the difference between the height of its left subtree and its right subtree is at most 1.\n4. For every node, the balance factor (the difference between the height of the left and right subtrees) is less than or equal to 1.\n\nThe AVL tree is named after its inventors, Adelbert van Lavieren and Reiner Schwarz, who developed it in the early 1970s. It is widely used in many applications, including databases, file systems, and compilers, due to its efficient search and insertion capabilities.' images=None tool_calls=None"
0,200,0,nomic-embed-text,How do document databases like MongoDB differ from relational databases?,chroma,90.10568189620972,290539,llama2,"role='assistant' content=""Document databases, such as MongoDB, differ from relational databases in several key ways:\n\n1. Schema: Relational databases require a predefined schema for each collection, meaning that all documents in the same collection must follow the same structure and format. In contrast, document databases like MongoDB allow documents to have varying structures, making it easier to accommodate changing data structures over time.\n2. Data Types: Relational databases enforce strict data types for each field or column, whereas document databases use a more flexible approach, allowing data to be stored as a mix of text, numbers, and other data types.\n3. Normalization: Relational databases follow the principles of database normalization to minimize data redundancy and improve data integrity. In contrast, document databases typically do not perform normalization, instead relying on the schema-less design to handle data redundancy.\n4. Scalability: Relational databases can struggle with scaling as the volume of data grows, while document databases are designed to scale horizontally by adding more nodes to the cluster.\n5. Queries: Relational databases typically use SQL-like queries to retrieve data, while document databases use a more flexible query language that can handle complex, non-linear data structures.\n6. Data Modeling: Relational databases enforce a fixed schema on the data, while document databases allow for more flexible data modeling, enabling the storage of semi-structured or unstructured data.\n7. ACID compliance: Relational databases are ACID compliant, meaning they follow a set of rules to ensure that database transactions are processed reliably and securely. In contrast, document databases often sacrifice some of these guarantees for the sake of performance and scalability.\n8. Data Consistency: Relational databases enforce data consistency across the database, while document databases allow for more flexibility in terms of data consistency, as documents can be updated independently without worrying about the impact on other parts of the database.\n9. Data Retrieval: Relational databases use SQL to retrieve data, while document databases use a more flexible query language that can handle complex, non-linear data structures.\n10. Data Modeling Language: Relational databases use a fixed schema to define the structure of the data, while document databases use a more flexible data modeling language, such as MongoDB's BSON format.\n\nIn summary, document databases like MongoDB are designed to handle semi-structured or unstructured data and provide more flexibility than relational databases in terms of data modeling and schema design. However, they often sacrifice some of the guarantees of ACID compliance and data consistency for the sake of performance and scalability."" images=None tool_calls=None"
0,200,0,nomic-embed-text,What are tradeoffs between B+ Trees and LSM?,chroma,221.3477008342743,287910,llama2,"role='assistant' content=""B+ Trees and Log-Structured Merge-Tree (LSM) are two popular data structures used in various applications, including databases, file systems, and storage systems. Both B+ Trees and LSMs have their own strengths and weaknesses, which result in different tradeoffs when choosing between the two:\n\nB+ Tree Tradeoffs:\n\n1. Space efficiency: B+ Trees are more space-efficient than LSMs since they use a fixed-size node for all levels of the tree, whereas LSMs use variable-sized nodes. This means that B+ Trees can store more data in a given memory footprint.\n2. Insertion speed: B+ Trees have faster insertion speeds than LSMs since they don't need to worry about filling up their nodes. As a result, B+ Trees can handle high insertion rates better than LSMs.\n3. Query performance: B+ Trees are generally better for queries that access a small subset of the data (e.g., range queries), as they have lower overhead due to their simpler structure. In contrast, LSMs may perform better on complex queries that require scanning the entire dataset (e.g., full-text searches).\n4. Space utilization: B+ Trees tend to use more space than LSMs when dealing with a small number of keys, but they can be more efficient in terms of space usage when dealing with a large number of keys.\n5. Balancing act: B+ Trees need to balance the competing goals of insertion speed and query performance. If they prioritize insertion speed too much, their query performance may suffer, while prioritizing query performance may lead to slower inserts. LSMs, on the other hand, tend to prioritize query performance more heavily, which can result in slower inserts but better performance for complex queries.\n6. Node expansions: B+ Trees require node expansions when the tree becomes full, which can lead to increased storage requirements and potential performance penalties. LSMs, by contrast, tend to avoid node expansions altogether or minimize their impact by using techniques like lazy updating.\n7. Cache behavior: B+ Trees tend to have better cache behavior than LSMs since they use a fixed-size node that can be easily cached. This can lead to faster access times and lower overhead for sequential access patterns.\n8. Write performance: B+ Trees are generally better for write-intensive workloads due to their faster insertion speeds and simpler structure. LSMs, on the other hand, may perform better for read-heavy workloads since they can leverage caching and lazy updating techniques to minimize the impact of writes.\n9. Complexity: B+ Trees are generally considered more complex than LSMs due to their deeper tree structure and more frequent node expansions. This can make them more challenging to implement and maintain, especially for large datasets.\n10. Flexibility: LSMs tend to be more flexible in terms of data layout and query patterns since they don't rely on a fixed-size node structure. This makes them better suited for handling diverse workloads with complex queries or non-contiguous data.\n\nLSM Tradeoffs:\n\n1. Space efficiency: LSMs are generally more space-efficient than B+ Trees due to their variable-sized nodes, which can adapt to the specific needs of the dataset. This can lead to better performance on workloads with a mix of small and large keys.\n2. Write performance: LSMs tend to perform better for write-intensive workloads due to their lazy updating mechanism, which minimizes the impact of writes on the tree structure. In contrast, B+ Trees may experience slower write performance due to their deeper tree structure and more frequent node expansions.\n3. Query performance: LSMs can perform better than B+ Trees for complex queries that require scanning the entire dataset, such as full-text searches or range queries. This is because LSMs tend to have a simpler tree structure and fewer node expansions, leading to faster query performance.\n4. Node expansions: LSMs avoid node expansions altogether or minimize their impact by using techniques like lazy updating. This can lead to better space efficiency and lower overhead for writes.\n5. Cache behavior: LSMs tend to have worse cache behavior than B+ Trees due to their variable-sized nodes, which can make them less predictable and more challenging to cache efficiently.\n6. Insertion speed: LSMs tend to be slower for insertions than B+ Trees since they need to update the tree structure after each write. This can lead to slower insertion speeds, especially for large datasets.\n7. Complexity: LSMs are generally considered less complex than B+ Trees due to their simpler tree structure and fewer node expansions. This can make them easier to implement and maintain, especially for smaller datasets.\n8. Flexibility: LSMs tend to be more flexible in terms of data layout and query patterns since they don't rely on a fixed-size node structure. This makes them better suited for handling diverse workloads with complex queries or non-contiguous data.\n\nIn summary, B+ Trees offer faster insertion speeds and simpler structure, making them better suited for write-intensive workloads with a mix of small and large keys. LSMs, on the other hand, tend to perform better for read-heavy workloads with complex queries or non-contiguous data due to their space efficiency, lazy updating mechanism, and flexibility in terms of data layout and query patterns. The choice between B+ Trees and LSMs ultimately depends on the specific requirements of the application and the tradeoffs involved."" images=None tool_calls=None"
0,200,0,sentence-transformers/all-MiniLM-L6-v2,What is redis?,chroma,72.11539697647095,5811160,llama2,"role='assistant' content='Redis is an in-memory data store that can be used as a message broker, cache, and database. It is often referred to as a ""data structure server"" because of its ability to store and manipulate various types of data structures, such as strings, hashes, lists, sets, and more.\n\nRedis is designed to be fast and scalable, with a focus on high-performance and low-latency operations. It can handle a large number of concurrent connections and requests, making it a popular choice for web applications that require real-time data processing and communication.\n\nSome common use cases for Redis include:\n\n1. Caching frequently accessed data: Redis can store frequently accessed data in memory, reducing the need to retrieve it from slower storage mechanisms like disk-based databases.\n2. Managing configuration/settings: Redis can be used to store and manage configuration settings and values for web applications, making them easily accessible and modifiable.\n3. Tracking page views: Redis can be used to track the number of page views for a website or application, allowing developers to analyze and optimize user behavior.\n\nBasic Redis commands include:\n\n1. SET /path/to/resource 0 – Set key-value pair.\n2. GET – Retrieve value associated with specified key.\n\nRedis provides a variety of data structures, including:\n\n1. Strings (e.g., text or binary data)\n2. Hashes (e.g., dictionaries or maps)\n3. Lists (e.g., ordered or unordered collections of values)\n4. Sets (e.g., unordered collections of unique values)\n5. Maps (e.g., similar to hashes, but with a key-value pair structure)\n\nFor more information on Redis and its commands, you can refer to the Redis-py documentation or other resources online.' images=None tool_calls=None"
0,200,0,sentence-transformers/all-MiniLM-L6-v2,What is an AVL tree?,chroma,51.5884735584259,5818340,llama2,"role='assistant' content='An AVL tree is a type of self-balancing binary search tree (BST) that ensures efficient search, insertion, and deletion operations. It is similar to a BST, but with additional properties that help maintain balance and efficiency:\n\n1. Each node in the tree has a maximum number of children (m), which determines the depth of the tree.\n2. The left subtree of every node contains smaller keys than the right subtree.\n3. For every node, the height of the left subtree is less than or equal to the height of the right subtree.\n4. The balance factor of a node is the difference between the heights of its left and right subtrees.\n5. The tree is constructed such that the balance factor of every node is at most 1 after insertion, deletion, or modification of any node.\n\nThe AVL tree is named after its creators, Adelson-Velskii and Landis, who developed it in 1962. It is known for its good time complexity for search, insertion, and deletion operations, which are O(log n) on average. The tree structure also provides a natural way to handle large datasets without sacrificing performance.\n\nIn summary, an AVL tree is a type of BST that ensures balance and efficiency through additional properties, making it a popular choice for many applications in computer science.' images=None tool_calls=None"
0,200,0,sentence-transformers/all-MiniLM-L6-v2,How do document databases like MongoDB differ from relational databases?,chroma,94.45337677001953,5814660,llama2,"role='assistant' content='Document databases are non-relational databases that store data in the form of documents, rather than tables with fixed schemas. Here are some key differences between document databases and relational databases:\n\n1. Schema flexibility: Document databases allow for flexible schema definitions, meaning that documents within the same collection can have different fields and structures. Relational databases, on the other hand, require a fixed schema definition for all tables.\n2. Data types: Document databases support extended data types, such as dates, binaries, and arrays, which are not easily accommodated in relational databases.\n3. Language support: MongoDB supports multiple languages, including English and Spanish, whereas relational databases typically use a single language for all data.\n4. Size and complexity: Document databases are designed to handle large amounts of complex data, making them well-suited for applications that require flexible schema definitions and the ability to store and retrieve large volumes of data quickly. Relational databases are better suited for smaller datasets with more structured data.\n5. Querying: Document databases use a different query language than relational databases. MongoDB uses a query language called MongoDB Query Language (MQL), while relational databases typically use SQL.\n6. Data consistency: Relational databases enforce data consistency through the use of constraints and transactions, which can result in slower performance for large datasets. Document databases do not have these limitations, allowing for faster performance on large datasets.\n7. Scalability: Document databases are designed to scale horizontally, meaning they can handle increasing amounts of data by adding more nodes to the cluster. Relational databases are typically designed to scale vertically, by increasing the size of the hardware components.\n8. Data modeling: Relational databases use a fixed schema definition, which can limit the ability to adapt to changing data structures. Document databases allow for more flexible data modeling, as documents can be created and updated dynamically without requiring structural changes to the database.\n9. Indexing: Document databases provide efficient indexing capabilities, allowing for faster query performance. Relational databases typically have less efficient indexing mechanisms, particularly for non-structured data.\n10. Cost: Relational databases tend to be more expensive than document databases, particularly when it comes to hardware and maintenance costs.\n\nIn summary, document databases like MongoDB are designed for handling large amounts of flexible, unstructured data, while relational databases are better suited for structured data with fixed schema definitions. The choice between the two will depend on the specific needs of the application or use case.' images=None tool_calls=None"
0,200,0,sentence-transformers/all-MiniLM-L6-v2,What are tradeoffs between B+ Trees and LSM?,chroma,118.92510485649109,5819905,llama2,"role='assistant' content=""B+ trees and Log-Structured Merge-Tree (LSM) are both data structures used in databases, but they have different design goals, advantages, and tradeoffs. Here are some key differences:\n\n1. Design Goals:\n\t* B+ trees are designed to be fast for sequential access (i.e., retrieving a range of keys), while LSM is designed for random access (i.e., retrieving a single key).\n\t* B+ trees prioritize space efficiency, while LSM prioritizes insertion and deletion speed.\n2. Performance:\n\t* B+ trees are generally faster than LSM for sequential access, as they have a more efficient data structure for this type of access.\n\t* LSM can provide better performance for random access due to its log-structured layout, which allows for faster lookup and insertion of keys.\n3. Space Efficiency:\n\t* B+ trees are generally more space-efficient than LSM, as they use a balanced tree structure that minimizes the amount of wasted space.\n\t* LSM uses a different data structure, called a log, to store metadata about the insertion and deletion history of the tree. This can result in higher space usage compared to B+ trees.\n4. Insertion/Deletion Speed:\n\t* LSM is generally faster than B+ trees for inserting and deleting nodes, as it uses a more efficient data structure for these operations.\n\t* B+ trees may take longer to insert or delete nodes due to the need to rebalance the tree after each operation.\n5. Maintenance Cost:\n\t* LSM has a higher maintenance cost than B+ trees, as it needs to maintain the log of insertion and deletion history.\n\t* B+ trees have a simpler data structure and do not require as much maintenance.\n6. Cache Friendliness:\n\t* Both B+ trees and LSM can be cache-friendly, but LSM's log structure may allow for better caching of frequently accessed metadata.\n7. Concurrency Support:\n\t* B+ trees are generally better suited for concurrent access than LSM, as they have a more predictable behavior under load.\n\t* LSM can experience more variability in insertion and deletion times due to the log-structured layout, which can lead to slower performance under high concurrency.\n8. Memory Requirements:\n\t* B+ trees typically require less memory than LSM, especially for large datasets.\n\t* LSM requires more memory due to its use of a log structure and metadata storage.\n9. Complexity:\n\t* B+ trees are generally simpler in design and implementation compared to LSM.\n\t* LSM's log-structured layout and metadata management can add complexity, especially for large datasets.\n10. Flexibility:\n\t* B+ trees are more flexible than LSM in terms of the types of operations they support (e.g., insertion, deletion, range queries).\n\t* LSM is designed primarily for insertion and deletion operations, with some support for range queries.\n\nIn summary, B+ trees are generally faster for sequential access and more space-efficient, while LSM provides better performance for random access and supports concurrent access better. The choice between the two depends on the specific use case and priorities."" images=None tool_calls=None"
0,200,0,sentence-transformers/all-mpnet-base-v2,What is redis?,chroma,67.70400667190552,6059034,llama2,"role='assistant' content='Redis (Random Access Memory database) is an open-source, in-memory data structure store that is often used as a caching layer or as a messaging system. It is primarily designed to be a key-value store, but it also supports other data models such as graphs, spatial data, full-text search, and time series.\n\nRedis can be used for various purposes, including:\n\n1. Caching frequently accessed data: Redis can cache frequently accessed data to improve the performance of an application by reducing the number of database queries.\n2. Managing configuration/settings: Redis can be used to store configuration settings and other metadata that do not change frequently, making it easier to manage and update.\n3. Tracking page views: Redis can be used to track page views and other events in a web application, allowing for real-time analytics and insights.\n4. Session information management: Redis can be used to store session information, such as user IDs and login credentials, to improve the security and performance of an application.\n5. User/event tracking: Redis can be used to track users and events in real-time, allowing for better analytics and insights into user behavior.\n6. Active session tracking: Redis can be used to track active sessions, allowing for more accurate analysis of user activity.\n\nSome basic Redis commands include:\n\n1. SET /path/to/resource 0 – Set key-value pair.\n2. GET – Retrieve the value associated with a given key.\n\nRedis is designed to be fast and scalable, making it a popular choice for high-traffic applications and real-time data processing. It is also easy to use and integrate with other systems, thanks to its simple API and support for various programming languages.' images=None tool_calls=None"
0,200,0,sentence-transformers/all-mpnet-base-v2,What is an AVL tree?,chroma,68.42276644706726,6065811,llama2,"role='assistant' content='An AVL tree is a type of self-balancing binary search tree (BST) that maintains a balance between the height of the tree and the number of nodes. It is similar to a B+ tree, but with some additional features to ensure efficient search and insertion operations.\n\nIn an AVL tree, each node has at most two children (a left child and a right child), and the value of each node is stored in a key-value pair. The key is used to determine the order of the nodes in the tree, and the value is the data associated with that key.\n\nThe main difference between an AVL tree and a B+ tree is how the tree is balanced. In an AVL tree, each node is guaranteed to have at most two children, while in a B+ tree, the number of children can vary. This means that an AVL tree is more efficient for searching and inserting nodes, as it has a smaller chance of creating an imbalanced tree.\n\nThe initial setup of an AVL tree involves inserting values into the tree in a specific order. The first node is created with the smallest value (42), and then the remaining values are inserted in descending order (21, 63, 89). This creates a balanced tree with the smallest value at the bottom and the largest value at the top.\n\nWhen a new value is inserted into an AVL tree, it is placed at the appropriate position in the tree to maintain balance. If the tree becomes imbalanced due to insertion or deletion operations, the tree is rebalanced by rotating nodes to restore balance. There are two types of rotations in an AVL tree: left rotation and right rotation.\n\nOverall, an AVL tree is a type of BST that offers efficient search and insertion operations while maintaining a balance between the height of the tree and the number of nodes. It is commonly used in database systems and other applications where efficient data storage and retrieval are important.' images=None tool_calls=None"
0,200,0,sentence-transformers/all-mpnet-base-v2,How do document databases like MongoDB differ from relational databases?,chroma,104.92852282524109,6057155,llama2,"role='assistant' content='Document databases, such as MongoDB, differ from relational databases in several ways:\n\n1. Schema-less: Document databases do not have a predefined schema, which means that documents in the same collection can differ in terms of their structure and content. In contrast, relational databases enforce a fixed schema for all tables, which means that each table must have the same structure and columns.\n2. Documents vs. Tables: Relational databases organize data into tables, while document databases organize data into documents. This means that in a relational database, data is stored in rows and columns, while in a document database, data is stored as a single JSON-like document.\n3. No fixed schema: As mentioned earlier, document databases do not have a predefined schema, which means that you can add or remove fields from a collection without any hassle. In contrast, relational databases require careful planning and design before adding or modifying tables.\n4. Rich query support: Document databases provide rich query support, which allows for complex queries to be executed directly on the database. Relational databases typically require complex queries to be performed using SQL.\n5. Indexing: Document databases provide indexing capabilities, which allow for faster query performance. However, relational databases typically provide more advanced indexing options, such as full-text searching and spatial indexing.\n6. Embedded documents: Document databases allow for the creation of embedded documents, which means that documents can contain other documents as fields. Relational databases do not support this feature natively.\n7. Foreign keys: Document databases do not support foreign keys in the same way as relational databases. In a relational database, foreign keys are used to establish relationships between tables, while in a document database, relationships are established through the use of references or embeddings.\n8. Scalability: Document databases are designed to scale horizontally, which means that they can handle large amounts of data and high traffic without compromising performance. Relational databases are typically designed to scale vertically, which means that they can handle larger amounts of data by increasing the power of the hardware on which they run.\n9. ACID compliance: Relational databases are ACID-compliant, which means that they follow a set of rules to ensure that database transactions are processed reliably and securely. Document databases, on the other hand, often sacrifice some of these guarantees in order to achieve higher performance and scalability.\n10. Data types: Relational databases enforce data type constraints, while document databases do not. This means that in a relational database, you must use the appropriate data type for each column, while in a document database, you can store any type of data in any column.\n\nOverall, document databases like MongoDB are designed to handle large amounts of unstructured or semi-structured data, while relational databases are better suited for structured data with well-defined schemas. The choice between the two will depend on the specific needs and requirements of your project.' images=None tool_calls=None"
0,200,0,sentence-transformers/all-mpnet-base-v2,What are tradeoffs between B+ Trees and LSM?,chroma,158.22452545166016,6056944,llama2,"role='assistant' content='B+ Trees and LSM (Log-Structured Merge-Tree) are two popular data structures used in various applications, including databases, file systems, and storage devices. Both have their strengths and weaknesses, which can make one more suitable than the other depending on specific use cases. Here are some tradeoffs between B+ Trees and LSM:\n\n1. Space Utilization:\n\t* B+ Trees: They have a fixed height, and each internal node can store a limited number of keys. This means that the tree may not be able to utilize the available space efficiently, especially when dealing with large amounts of data.\n\t* LSM: It has a dynamic height, which means that it can adapt to the amount of data stored in it. LSM trees use a log-structured format, which allows for efficient utilization of space, particularly when dealing with high volumes of data.\n2. Insertion and Deletion Operations:\n\t* B+ Trees: They have a fast insertion and deletion time complexity of O(log n), where n is the number of nodes in the tree. However, this comes at the cost of higher memory usage due to the need to store all keys and data in each node.\n\t* LSM: They also have an O(log n) time complexity for insertion and deletion operations. However, they use a different approach to manage data, which involves writing data to multiple locations in the tree, followed by a merge operation to maintain the log-structured format. This can result in lower memory usage compared to B+ Trees.\n3. Query Performance:\n\t* B+ Trees: They have a fast query performance due to their balanced structure and the ability to quickly find the desired key using the binary search algorithm.\n\t* LSM: They also have a fast query performance, thanks to their log-structured format, which allows for efficient data retrieval by following the links between nodes.\n4. Storage Requirements:\n\t* B+ Trees: They require more storage space compared to LSM trees, as each node can only store a limited number of keys. This can result in higher storage costs for large datasets.\n\t* LSM: They have lower storage requirements due to their dynamic height and log-structured format, which allows for efficient use of space.\n5. Concurrency Control:\n\t* B+ Trees: They are better suited for concurrent access scenarios, as they can handle multiple insertion and deletion operations simultaneously without causing conflicts.\n\t* LSM: They also support concurrent access, but their approach to managing data can lead to some performance overhead due to the merge operation required to maintain the log-structured format.\n6. Disk Space Utilization:\n\t* B+ Trees: They can efficiently use disk space by only storing key-value pairs for nodes that are not empty.\n\t* LSM: They also efficiently use disk space, but they use a different approach by writing data to multiple locations in the tree and then merging it.\n7. Cache Performance:\n\t* B+ Trees: They can benefit from cache performance due to their compact structure and the ability to quickly find the desired key using binary search.\n\t* LSM: They also have potential for cache performance benefits, as their log-structured format allows for efficient data retrieval and merging operations.\n8. Memory Consumption:\n\t* B+ Trees: They typically consume more memory compared to LSM trees due to the need to store all keys and data in each node.\n\t* LSM: They have lower memory consumption due to their dynamic height and log-structured format, which allows for efficient use of space.\n\nIn summary, B+ Trees are suitable for scenarios where fast insertion and deletion operations are critical, while LSM trees are better suited for applications with large amounts of data that need to be stored efficiently. The choice between the two ultimately depends on the specific requirements of the problem being solved.' images=None tool_calls=None"
0,200,0,nomic-embed-text,What is redis?,chroma,77.24520468711853,233435,mistral,"role='assistant' content=' Redis (pronounced as ""red-is"") is an open-source, in-memory data structure store that can be used as a database, cache, and message broker. It supports various data structures like strings, hashes, lists, sets, sorted sets with range queries, bitmaps, hyperloglogs, and geospatial indexes with radius queries. Redis is known for its high performance due to its use of an in-memory dataset and its ability to handle a large number of requests concurrently.\n\n   The client used to interact with the Redis server from Python applications is called redis-py, which is a standard Python client maintained by the Redis company. It provides simple methods to access Redis data structures and supports connection pooling for efficient usage in larger applications.\n\n   To use Redis in your 4300 Conda environment, you can install the redis-py package using pip:\n\n   ```\n   conda activate 4300\n   pip install redis\n   ```\n\n   After installation, you can create a Redis connection object and interact with it as follows:\n\n   ```python\n   from redis import Redis\n\n   t = Redis(host=\'localhost\', port=6379, db=2, decode_responses=True)\n   ```\n\n   To set up the Redis data source in PyCharm or any other IDE, you can create a new data source and choose ""Redis"" from the available options. Make sure to configure the connection details such as host, port, and password if required. You can then use the Redis client provided by the IDE to interact with your Redis server directly in your code.' images=None tool_calls=None"
0,200,0,nomic-embed-text,What is an AVL tree?,chroma,39.18607783317566,288974,mistral,"role='assistant' content="" An AVL Tree is a self-balancing binary search tree, named after its inventors Georgy Adelson-Velsky and Evgenii Landis. It's a particular kind of BST where the height of the two child subtrees of any node differs by at most one, thus enforcing a height balance factor within the tree.\n\nThis property ensures that the number of operations required to search for an item is logarithmic in the number of stored items (O(log n)). AVL trees guarantee that this balance is maintained during insertions and deletions using rotations, and by adjusting the balance factors.\n\nIn summary, an AVL Tree is a type of BST that offers fast search, insertion, and deletion operations while maintaining a height-balanced structure."" images=None tool_calls=None"
0,200,0,nomic-embed-text,How do document databases like MongoDB differ from relational databases?,chroma,66.60375046730042,288867,mistral,"role='assistant' content='1. Schema Flexibility: In a traditional relational database, each table has a predefined schema that defines the structure of data within it. All entries (rows) must conform to this schema. On the other hand, document databases like MongoDB allow for flexible schemas as each document can have different fields and structures.\n\n2. Query Flexibility: Relational databases are optimized for structured queries using SQL (Structured Query Language). Document databases use a more flexible query language that is designed to handle unstructured or semi-structured data, making it easier to perform complex queries on varied data.\n\n3. Scalability and Performance: Document databases are often designed to scale horizontally, meaning they can easily add nodes to distribute the workload and improve performance as data grows. This is in contrast to relational databases that typically require vertical scaling (adding resources to a single server).\n\n4. Data Modeling: In a relational database, data is modeled using tables and relationships between tables. Document databases use collections of documents, where each document can contain embedded documents for complex data structures.\n\n5. ACID vs CAP Theorem: Relational databases follow the ACID (Atomicity, Consistency, Isolation, Durability) properties to ensure transaction safety. Document databases often adhere to the CAP theorem (Consistency, Availability, Partition tolerance), which prioritizes availability over strict consistency in distributed systems.\n\n6. Use Cases: Relational databases are well-suited for structured data with strong relationships and complex transactions, such as financial applications. Document databases are ideal for unstructured or semi-structured data, real-time web applications, and mobile app backends.' images=None tool_calls=None"
0,200,0,nomic-embed-text,What are tradeoffs between B+ Trees and LSM?,chroma,108.52115392684937,291024,mistral,"role='assistant' content="" B+ Trees and Log-Structured Merge (LSM) trees are two different data structures used in database management systems, each with its own set of advantages and tradeoffs. Here's a brief comparison:\n\n1. **Data Access Pattern**: B+ Trees are optimized for range queries, as they allow efficient traversal from the root to any key within a given range. On the other hand, LSM trees are designed for write-intensive workloads with infrequent reads. This makes them ideal for applications like log processing, where writes occur more frequently than reads.\n\n2. **Storage**: B+ Trees store data at every level of the tree, ensuring that hot data remains in memory and cold data is evicted to disk. In contrast, LSM trees write data into memtables (in-memory storage) and eventually merge them into persistent SSTables (sorted string tables on disk). This means that less frequently accessed data may reside on disk, reducing the memory footprint but potentially increasing I/O operations.\n\n3. **Insertion and Deletion**: B+ Trees handle insertions by first searching for a place to insert the new key, which can lead to many comparisons and potential tree rebalancing if the tree is heavily imbalanced. In contrast, LSM trees perform writes directly into memtables and defer sorting, compaction, and removal of obsolete data until it's necessary.\n\n4. **Space Efficiency**: B+ Trees are more space-efficient because they store keys in sorted order, allowing for a compact representation. However, as LSM trees write data to multiple memtables before merging into SSTables, they may suffer from some degree of redundancy and wasteful disk space usage.\n\n5. **Update Performance**: B+ Trees have good performance when updating existing keys because they can locate the key quickly and replace its associated value without affecting other nodes in the tree. LSM trees, however, are less efficient at handling updates due to their write-ahead logging approach, which can lead to delays in propagating changes across all replicas.\n\n6. **Complexity**: B+ Trees have a higher time complexity (O(log n)) for basic operations like search, insert, and delete, whereas LSM trees offer lower average-case complexity (O(1) or O(log base 2 of the occupancy ratio)) for insertion but potentially higher complexity (O(n)) for range queries.\n\nIn summary, B+ Trees are well-suited for applications that require efficient handling of range queries, whereas LSM trees are better suited for write-intensive workloads with infrequent reads and the ability to tolerate some degree of increased I/O operations and update delays. The choice between these data structures depends on the specific requirements of your application."" images=None tool_calls=None"
0,200,0,sentence-transformers/all-MiniLM-L6-v2,What is redis?,chroma,53.469571352005005,5819376,mistral,"role='assistant' content="" Redis (REmote Dictionary Server) is an open-source, in-memory data structure store that can be used as a database, cache, and message broker. It supports various data structures like strings, hashes, lists, sets, sorted sets with range queries, bitmaps, hyperloglogs, geospatial indexes with radius queries, and streams (a pub/sub system).\n\nRedis is often used for caching frequently accessed data, managing configuration settings, tracking page views, session management, real-time analytics, and building message queues. It's known for its high performance, high throughput, and low latency due to its in-memory nature and support for multiple data structures.\n\nHere are some basic Redis commands that you mentioned:\n\n* SET /path/to/resource 0 – Set key-value pair\n* GET - Retrieve the value of a given key\n\nFor more information about other Redis commands, you can check out the official documentation at https://redis.io/commands/."" images=None tool_calls=None"
0,200,0,sentence-transformers/all-MiniLM-L6-v2,What is an AVL tree?,chroma,64.61553716659546,5813659,mistral,"role='assistant' content=' An AVL (Adelson-Velsky and Landis) tree is a self-balancing binary search tree, named after Geodesics mathematicians George Adelson-Velskii and Evgenii Landis who invented it in 1962. In an AVL tree, the height of the two child subtrees of any node differs by at most one; if at any time this condition is not satisfied after an insertion or deletion, the tree rebalances itself to ensure this property holds true.\n\nThe main idea behind AVL trees is to maintain the balance during operations like insertion and deletion, ensuring that the height of the tree remains logarithmic (O(log n)) on average. This property helps the search, insertion, and deletion operations remain efficient in terms of time complexity.\n\nIn an AVL tree, each node has a balancing factor that keeps track of the height difference between its left and right subtrees. The balancing factor for a node is calculated as the height of the left subtree minus the height of the right subtree. A node with a balancing factor greater than or equal to 2 or less than or equal to -2 is considered unbalanced, and the tree must rebalance itself by performing rotations or double rotations to maintain balance.\n\nOne essential operation in AVL trees is the rotation, which helps keep the height of the tree balanced and can occur in two types: left rotation and right rotation. A rotation adjusts the structure of the tree by swapping the nodes involved while maintaining the order of the keys.\n\nAVL trees are less common than Red-Black Trees or B-Trees due to their complexity, but they provide more efficient search operations with guaranteed logarithmic time complexity.' images=None tool_calls=None"
0,200,0,sentence-transformers/all-MiniLM-L6-v2,How do document databases like MongoDB differ from relational databases?,chroma,83.90847325325012,5828867,mistral,"role='assistant' content='1. Schema flexibility: Document databases like MongoDB allow for dynamic schemas, which means that the structure of a single document can vary. In contrast, relational databases require a fixed schema for each table. This allows documents in MongoDB to be flexible and adaptable to changing requirements.\n\n2. Data modeling: Relational databases are based on a structured approach to data modeling using tables, rows, and columns. Document databases, however, use a more unstructured approach that stores data as documents with fields and values. This allows for greater flexibility in how data is modeled and stored.\n\n3. Querying: Relational databases use SQL (Structured Query Language) to query data, while document databases like MongoDB use their own query language called Query Language (QL). Document databases also support a more flexible approach to querying with the ability to traverse nested documents and arrays.\n\n4. Scalability: Document databases are designed to be horizontally scalable, which means that they can handle large amounts of data by distributing it across multiple machines. Relational databases can also be scaled horizontally, but this typically requires more complex setup and configuration.\n\n5. Performance: Document databases like MongoDB are optimized for fast, flexible access to individual documents, making them well-suited for applications that need to work with large amounts of structured or semi-structured data. Relational databases are better suited for applications that require complex queries and transactions across multiple tables.\n\n6. Data consistency: In a relational database, ACID (Atomicity, Consistency, Isolation, Durability) properties ensure that transactions are processed reliably and in a consistent state. Document databases typically use a different consistency model, known as CAP (Consistency, Availability, Partition tolerance), which prioritizes availability and partition tolerance over strong consistency.\n\n7. Data Types: Document databases like MongoDB support extended data types such as BinaryData and Date, while relational databases are limited to basic types like integers, floats, strings, and dates.\n\n8. BSON format: MongoDB uses a binary-encoded JSON format called BSON (Binary JSON) for storing data, which is more compact and efficient than the XML format used in some relational databases.' images=None tool_calls=None"
0,200,0,sentence-transformers/all-MiniLM-L6-v2,What are tradeoffs between B+ Trees and LSM?,chroma,79.08531260490417,5820770,mistral,"role='assistant' content="" B+ Trees and Log-Structured Merge (LSM) trees are both efficient data structures for managing large datasets, but they have different tradeoffs:\n\n1. **Data Locality**: In a B+ Tree, due to its hierarchical structure, it provides better data locality as it allows range queries and sequential access. This is because once you find the key in the root node that matches your query range, you can immediately traverse down to the leaf nodes containing the desired keys, making it faster for sequential and range scans. In contrast, LSM trees do not have this feature as they do not provide an efficient way to perform range queries until data is merged back into the main memory.\n\n2. **Write Amplification**: One of the key advantages of LSM trees is write amplification. Write amplification occurs because writes are first written to a log (SSTable) before being merged, which can reduce the number of writes to the high-latency SSD or hard drive level. In contrast, B+ Trees do not provide this feature since each write operation targets the memory location directly.\n\n3. **Space Utilization**: LSM trees have a higher probability of space wastage due to the coalescing process during merges. The merged files can be partially filled or fragmented, leading to underutilized storage space in comparison to B+ Trees, which are designed to minimize such issues by maintaining balance and maximizing node utilization.\n\n4. **Query Efficiency**: For read-intensive workloads, the B+ Tree offers faster query efficiency due to its hierarchical structure allowing direct access to the required data. In contrast, LSM trees may require additional overhead for merging SSTables before performing range queries efficiently.\n\n5. **Maintenance Overhead**: The maintenance overhead of B+ Trees is generally higher than that of LSM trees, as it requires more frequent splits and rebalancing to maintain the tree's structure. LSM trees have a simpler maintenance process since they only need to merge SSTables periodically.\n\nIn summary, choosing between a B+ Tree and an LSM tree depends on the specific use case and requirements such as query efficiency, write amplification, space utilization, and maintenance overhead."" images=None tool_calls=None"
0,200,0,sentence-transformers/all-mpnet-base-v2,What is redis?,chroma,41.1945264339447,6064190,mistral,"role='assistant' content="" Redis (which stands for REmote DIctionary Server) is an open-source, in-memory data structure store that can be used as a database, cache, and message broker. It supports various data structures like strings, hashes, lists, sets, sorted sets with range queries, bitmaps, hyperloglogs, and geospatial indexes with radius queries. Redis is known for its high performance, low latency, and versatility in handling a wide variety of use cases.\n\nSome common use cases for Redis include caching frequently accessed data, managing config/settings, tracking page views, session information management, user/event tracking, active session tracking, implementing queues and stacks (using the Redis List type), and other real-time web applications that require fast access to data.\n\nIn summary, Redis is a powerful tool in the developer's toolbox for handling data efficiently and quickly across many different types of applications."" images=None tool_calls=None"
0,200,0,sentence-transformers/all-mpnet-base-v2,What is an AVL tree?,chroma,79.65882110595703,6057900,mistral,"role='assistant' content=' An AVL (Adelson-Velsky and Landis) tree is a self-balancing binary search tree, named after its inventors Georgy Adelson-Moskovsky and Evgenii Landis. In an AVL tree, the height of the left and right subtrees differs by at most 1 for each node. This balance ensures that the number of comparisons to find a specific element is logarithmic in the size of the data set.\n\nThe AVL tree keeps track of the imbalance and performs rotations (both left-left, left-right, right-left, and right-right) to maintain the height difference between the subtrees at each node. The tree stores a balance factor for each node, which is the difference between the heights of its left and right subtrees.\n\nThe main operations on AVL trees are:\n\n1. Insertion: When inserting a new value, the AVL tree performs the standard binary search tree insert algorithm, but also checks and balances the tree if necessary by performing rotations to maintain the balance factor.\n\n2. Deletion: To delete a node, the AVL tree first finds the node to be deleted and then performs the standard binary search tree deletion algorithm, followed by rebalancing steps similar to the insert operation if needed.\n\nThe AVL tree provides faster search times compared to the simple BST due to its balance property. However, it may have a higher time complexity for certain operations like insertions or deletions when compared to other self-balancing binary search trees such as Red-Black Trees or Splay Trees, but with better performance in terms of height and comparisons.' images=None tool_calls=None"
0,200,0,sentence-transformers/all-mpnet-base-v2,How do document databases like MongoDB differ from relational databases?,chroma,80.20731711387634,6058848,mistral,"role='assistant' content='1. Schema Flexibility: In a relational database, each table has a predefined schema with fixed column names and types. In a document database like MongoDB, each document can have a different structure, making it easier to store semi-structured or unstructured data.\n\n2. JSON-like Documents: Data in a document database is stored as documents, which are similar to JavaScript Object Notation (JSON) objects. This allows for easy manipulation of data and supports nested structures. In contrast, relational databases store data in tables with rows and columns.\n\n3. Embedded vs. Linked Data: In a relational database, data is usually normalized, meaning that related data is stored in different tables and linked through foreign keys. In a document database, related data can be embedded within a single document for easier querying and faster retrieval.\n\n4. Query Support: Document databases like MongoDB provide rich query support for filtering and sorting documents, including complex queries using operators like $gt (greater than), $lt (less than), $regex (regular expressions), etc. Relational databases typically require the use of SQL to perform these operations.\n\n5. Indexing: Both relational and document databases support indexing for efficient data retrieval, but the types of indexes can differ. In a document database, you can create indexes on specific fields or embedded arrays, making it easy to filter documents based on those fields. In a relational database, indexes are usually created on columns in tables.\n\n6. Scalability: Document databases like MongoDB are designed for horizontal scalability, allowing them to scale out by adding more servers as the data grows. Relational databases typically require vertical scaling (adding resources to a single server) to handle increased loads.\n\n7. Real-time Data Access: Document databases are often used for real-time applications because they support real-time data access and modifications, which can be challenging in a relational database environment.\n\n8. Performance: Due to their flexible schema and the ability to store related data within a single document, document databases can offer better performance for certain types of workloads compared to relational databases. However, this depends on the specific use case and requirements.' images=None tool_calls=None"
0,200,0,sentence-transformers/all-mpnet-base-v2,What are tradeoffs between B+ Trees and LSM?,chroma,141.31726121902466,6058012,mistral,"role='assistant' content=' Trade-offs between B+ Trees and Log-Structured Merge (LSM) trees, both efficient data structures for organizing large amounts of data in databases and file systems, can be summarized as follows:\n\n1. Data Access Patterns:\n   - B+ Trees are more suitable for workloads with a mix of read and write operations where random access to data is important because B+ Trees allow fast search and retrieval of data due to their balanced nature.\n   - LSM trees are more efficient in workloads with a high number of write operations and fewer read operations, as they use a log-based approach to defer writes to disk, providing good throughput. However, reads can be slower because the data is not always stored in a balanced structure, leading to potential sequential disk I/O during reads.\n\n2. Memory Usage:\n   - B+ Trees have a higher memory footprint due to their balanced nature, which requires maintaining a height-balanced tree. This may be less efficient on systems with limited memory resources compared to LSM trees.\n   - LSM trees can use less memory because they only maintain the active memtable in memory while the older sorted tables are flushed to disk sequentially. This means that even though LSM trees require more storage space for data, their memory usage is lower than B+ Trees.\n\n3. Write Amplification:\n   - B+ Trees do not have write amplification because each write operation only requires updating the leaf node that contains the key-value pair. This makes them more suitable for OLTP (Online Transaction Processing) workloads.\n   - LSM trees exhibit write amplification due to the process of sorting and merging data before writing it to disk. This can lead to a higher number of disk writes compared to B+ Trees, but it also provides better throughput for high write loads.\n\n4. Data Consistency:\n   - B+ Trees provide strong data consistency because they are transactional in nature, meaning that each operation is atomic and isolated from other operations. This makes them suitable for applications that require strong consistency guarantees.\n   - LSM trees may exhibit eventual consistency due to the asynchronous nature of their write process. The active memtable provides a consistent view of data for reads, while older tables on disk might not be fully updated or merged yet. This can make LSM trees less suitable for applications that require strong consistency guarantees.\n\n5. Insert Performance:\n   - B+ Trees have good insert performance due to their ability to find the correct location in the tree quickly and efficiently, thanks to the balanced nature of the tree.\n   - LSM trees may have slower insert performance because they first write data to the memtable and then, when it becomes full, flush the data to an SSTable (sorted string table), which involves a more complex process than simply updating a leaf node in a B+ Tree. However, this complexity allows for better throughput with high write loads.\n\nIn summary, B+ Trees offer faster read and write performance with strong consistency guarantees but require more memory and suffer from higher memory overhead due to their balanced nature. LSM trees, on the other hand, are more efficient in terms of memory usage and can handle high write loads better but may provide eventual consistency and have slower read performance due to potential sequential disk I/O during reads. Each data structure has its use cases depending on the specific requirements of an application or system.' images=None tool_calls=None"
